episode, reward, f1_score, recall, specificity, precision, size, nodes, transitions, duration, steps
0, 0.7735195178989018, 0.9174311926605504, 1.0, 0.82, 0.847457627118644, 0.10576923076923073, 93, 193, 16.389489, 22
1, 0.6687025383016847, 0.8968609865470852, 1.0, 0.77, 0.8130081300813008, 0.11538461538461542, 92, 189, 14.883504, 22
2, 0.5114026454254169, 0.9216589861751151, 1.0, 0.83, 0.8547008547008547, 0.09615384615384615, 94, 196, 16.278032, 22
3, 0.6965964409758252, 0.9174311926605504, 1.0, 0.82, 0.847457627118644, 0.11538461538461542, 92, 191, 13.087094, 20
4, 4.27405314488016, 0.9345794392523363, 1.0, 0.86, 0.8771929824561403, 0.4903846153846154, 53, 113, 58.104807, 85
5, 3.96886401027246, 0.9259259259259259, 1.0, 0.84, 0.8620689655172413, 0.45192307692307687, 57, 122, 52.60291, 81
6, 0.5962222712724864, 0.904977375565611, 1.0, 0.79, 0.8264462809917356, 0.11538461538461542, 92, 177, 9.713671, 17
7, 0.8513948459939928, 0.8968609865470852, 1.0, 0.77, 0.8130081300813008, 0.125, 91, 187, 13.594001, 23
8, 0.7735195178989018, 0.9174311926605504, 1.0, 0.82, 0.847457627118644, 0.10576923076923073, 93, 193, 13.940605, 22
9, 0.5908272102065958, 0.9174311926605504, 1.0, 0.82, 0.847457627118644, 0.09615384615384615, 94, 187, 14.209701, 22
10, 0.5866068866571018, 0.904977375565611, 1.0, 0.79, 0.8264462809917356, 0.11538461538461542, 92, 177, 10.138711, 17
11, 4.052926332926333, 0.9259259259259259, 1.0, 0.84, 0.8620689655172413, 0.47115384615384615, 55, 109, 53.671471, 72
12, 1.7284181658622186, 0.9302325581395349, 1.0, 0.85, 0.8695652173913043, 0.20192307692307687, 83, 180, 37.543942, 41
13, 4.07711515578167, 0.9216589861751151, 1.0, 0.83, 0.8547008547008547, 0.4807692307692307, 54, 115, 77.038183, 77
14, 0.5842486256570776, 0.9259259259259259, 1.0, 0.84, 0.8620689655172413, 0.09615384615384615, 94, 182, 16.783288, 21
15, 4.021652305397206, 0.9345794392523363, 1.0, 0.86, 0.8771929824561403, 0.4903846153846154, 53, 108, 62.872108, 81
16, 0.5891840339401313, 0.9009009009009009, 1.0, 0.78, 0.819672131147541, 0.125, 91, 172, 11.899818, 17
17, 0.6180301877862852, 0.9009009009009009, 1.0, 0.78, 0.819672131147541, 0.14423076923076927, 89, 170, 10.411783, 15
18, 0.5962222712724864, 0.904977375565611, 1.0, 0.79, 0.8264462809917356, 0.11538461538461542, 92, 177, 11.941241, 15
19, 0.5962222712724864, 0.904977375565611, 1.0, 0.79, 0.8264462809917356, 0.11538461538461542, 92, 177, 9.835, 15
20, 0.687933307532454, 0.8968609865470852, 1.0, 0.77, 0.8130081300813008, 0.13461538461538458, 90, 185, 16.087515, 21
21, 0.6783179229170704, 0.8968609865470852, 1.0, 0.77, 0.8130081300813008, 0.125, 91, 187, 13.483066, 20
22, 0.9571640767632233, 0.8968609865470852, 1.0, 0.77, 0.8130081300813008, 0.14423076923076927, 89, 183, 15.788745, 23
23, 2.572130067957083, 0.9345794392523363, 1.0, 0.86, 0.8771929824561403, 0.34615384615384615, 68, 146, 37.660285, 58
24, 2.927899298726313, 0.9345794392523363, 1.0, 0.86, 0.8771929824561403, 0.3557692307692307, 67, 143, 35.239031, 58
25, 0.7648563844555316, 0.8968609865470852, 1.0, 0.77, 0.8130081300813008, 0.125, 91, 187, 12.173695, 21
26, 0.7718763416324395, 0.9009009009009009, 1.0, 0.78, 0.819672131147541, 0.125, 91, 181, 11.570266, 20
27, 0.6783179229170704, 0.8968609865470852, 1.0, 0.77, 0.8130081300813008, 0.125, 91, 188, 13.48175, 24
28, 3.312514683341697, 0.9345794392523363, 1.0, 0.86, 0.8771929824561403, 0.3942307692307693, 63, 127, 35.219757, 61
29, 3.1202069910340042, 0.9345794392523363, 1.0, 0.86, 0.8771929824561403, 0.375, 65, 139, 34.889402, 58
30, 0.7648563844555316, 0.8968609865470852, 1.0, 0.77, 0.8130081300813008, 0.125, 91, 187, 11.364568, 21
31, 0.7648563844555316, 0.8968609865470852, 1.0, 0.77, 0.8130081300813008, 0.125, 91, 187, 11.522669, 21
32, 0.7641086195751514, 0.904977375565611, 1.0, 0.79, 0.8264462809917356, 0.125, 91, 188, 12.233671, 23
33, 0.8610102306093774, 0.8968609865470852, 1.0, 0.77, 0.8130081300813008, 0.13461538461538458, 90, 185, 12.321094, 23
34, 0.6891816819687752, 0.9174311926605504, 1.0, 0.82, 0.847457627118644, 0.11538461538461542, 92, 181, 12.458545, 22
35, 4.086567245165283, 0.9302325581395349, 1.0, 0.85, 0.8695652173913043, 0.4903846153846154, 53, 121, 44.92997, 79
36, 0.6789120636135556, 0.9259259259259259, 1.0, 0.84, 0.8620689655172413, 0.10576923076923073, 93, 190, 13.979212, 23
37, 0.8610102306093774, 0.8968609865470852, 1.0, 0.77, 0.8130081300813008, 0.13461538461538458, 90, 185, 12.533633, 22
38, 3.7235753823202815, 0.9345794392523363, 1.0, 0.86, 0.8771929824561403, 0.45192307692307687, 57, 125, 47.849381, 79
39, 4.004863480225419, 0.9302325581395349, 1.0, 0.85, 0.8695652173913043, 0.4807692307692307, 54, 127, 48.749233, 79
40, 0.8610102306093774, 0.8968609865470852, 1.0, 0.77, 0.8130081300813008, 0.13461538461538458, 90, 185, 14.539693, 22
41, 0.7744717690709152, 0.8968609865470852, 1.0, 0.77, 0.8130081300813008, 0.13461538461538458, 90, 185, 14.17263, 24
42, 0.942336475934514, 0.9302325581395349, 1.0, 0.85, 0.8695652173913043, 0.125, 91, 183, 14.416176, 25
43, 0.9658272102065956, 0.9174311926605504, 1.0, 0.82, 0.847457627118644, 0.125, 91, 190, 13.281996, 23
44, 0.8843493761140818, 0.9090909090909091, 1.0, 0.8, 0.8333333333333334, 0.14423076923076927, 89, 168, 14.205628, 23
45, 0.6891816819687742, 0.9174311926605504, 1.0, 0.82, 0.847457627118644, 0.11538461538461542, 92, 180, 12.081626, 22
46, 2.740330012666459, 0.9345794392523363, 1.0, 0.86, 0.8771929824561403, 0.3557692307692307, 67, 128, 30.795569, 53
47, 4.168283914110928, 0.9345794392523363, 1.0, 0.86, 0.8771929824561403, 0.47115384615384615, 55, 122, 42.386458, 72
48, 2.906267690012589, 0.9345794392523363, 1.0, 0.86, 0.8771929824561403, 0.32692307692307687, 70, 156, 28.874392, 50
49, 0.6987970665841589, 0.9174311926605504, 1.0, 0.82, 0.847457627118644, 0.125, 91, 176, 8.66216, 17
50, 0.8064709839064417, 0.9345794392523363, 1.0, 0.86, 0.8771929824561403, 0.125, 91, 173, 8.730523, 17
51, 0.5218763416324393, 0.9009009009009009, 1.0, 0.78, 0.819672131147541, 0.13461538461538458, 90, 172, 7.291607, 14
52, 2.747710164118616, 0.9259259259259259, 1.0, 0.84, 0.8620689655172413, 0.3557692307692307, 67, 130, 31.426465, 51
53, 0.5142007419020451, 0.91324200913242, 1.0, 0.81, 0.8403361344537815, 0.10576923076923073, 93, 184, 8.227719, 15
54, 0.6827607328109476, 0.904977375565611, 1.0, 0.79, 0.8264462809917356, 0.125, 91, 175, 9.877989, 18
55, 0.796855599291057, 0.9345794392523363, 1.0, 0.86, 0.8771929824561403, 0.125, 91, 173, 9.7551, 18
56, 0.6923761174263323, 0.904977375565611, 1.0, 0.79, 0.8264462809917356, 0.125, 91, 175, 8.638528, 16
57, 0.781491726247823, 0.9009009009009009, 1.0, 0.78, 0.819672131147541, 0.13461538461538458, 90, 172, 9.196832, 17
58, 2.7139599977048983, 0.9345794392523363, 1.0, 0.86, 0.8771929824561403, 0.3076923076923077, 72, 156, 27.887502, 49
59, 1.0650178564263069, 0.9259259259259259, 1.0, 0.84, 0.8620689655172413, 0.14423076923076927, 89, 171, 11.626417, 23
60, 0.781491726247823, 0.9009009009009009, 1.0, 0.78, 0.819672131147541, 0.13461538461538458, 90, 172, 8.773451, 17
61, 0.785010757367831, 0.9216589861751151, 1.0, 0.83, 0.8547008547008547, 0.125, 91, 186, 12.460273, 24
62, 0.8712197559212493, 0.9259259259259259, 1.0, 0.84, 0.8620689655172413, 0.125, 91, 187, 12.618117, 23
63, 0.7744717690709152, 0.8968609865470852, 1.0, 0.77, 0.8130081300813008, 0.13461538461538458, 90, 185, 12.900881, 25
64, 0.7744717690709152, 0.8968609865470852, 1.0, 0.77, 0.8130081300813008, 0.13461538461538458, 90, 185, 12.50352, 25
65, 0.6827607328109476, 0.904977375565611, 1.0, 0.79, 0.8264462809917356, 0.11538461538461542, 92, 188, 9.936649, 20
66, 0.8558802343707995, 0.9259259259259259, 1.0, 0.84, 0.8620689655172413, 0.11538461538461542, 92, 191, 13.396135, 26
67, 0.8610102306093774, 0.8968609865470852, 1.0, 0.77, 0.8130081300813008, 0.13461538461538458, 90, 185, 12.672179, 23
68, 0.7750659097674024, 0.9259259259259259, 1.0, 0.84, 0.8620689655172413, 0.11538461538461542, 92, 189, 11.175608, 23
69, 0.6804024718109224, 0.9259259259259259, 1.0, 0.84, 0.8620689655172413, 0.10576923076923073, 93, 178, 10.749268, 22
70, 0.5731428328443251, 0.9259259259259259, 1.0, 0.84, 0.8620689655172413, 0.09615384615384615, 94, 186, 11.597523, 24
71, 2.137036920781819, 0.9345794392523363, 1.0, 0.86, 0.8771929824561403, 0.25, 78, 160, 26.937642, 52
72, 0.781491726247823, 0.9009009009009009, 1.0, 0.78, 0.819672131147541, 0.13461538461538458, 90, 172, 8.823263, 18
73, 0.673145348195563, 0.904977375565611, 1.0, 0.79, 0.8264462809917356, 0.10576923076923073, 93, 190, 9.147107, 18
74, 0.9475486921478397, 0.8968609865470852, 1.0, 0.77, 0.8130081300813008, 0.13461538461538458, 90, 185, 12.985757, 25
75, 0.7692991943494099, 0.904977375565611, 1.0, 0.79, 0.8264462809917356, 0.11538461538461542, 92, 188, 9.691648, 19
76, 0.7622609570170548, 0.9009009009009009, 1.0, 0.78, 0.819672131147541, 0.125, 91, 181, 9.938605, 17
77, 0.7692991943494099, 0.904977375565611, 1.0, 0.79, 0.8264462809917356, 0.11538461538461542, 92, 188, 10.489431, 20
78, 0.673145348195563, 0.904977375565611, 1.0, 0.79, 0.8264462809917356, 0.11538461538461542, 92, 184, 9.275726, 18
79, 0.7544932349597657, 0.904977375565611, 1.0, 0.79, 0.8264462809917356, 0.11538461538461542, 92, 191, 12.706618, 24
80, 0.8616043713058636, 0.9259259259259259, 1.0, 0.84, 0.8620689655172413, 0.11538461538461542, 92, 190, 13.026263, 24
81, 3.9952480956100342, 0.9302325581395349, 1.0, 0.85, 0.8695652173913043, 0.47115384615384615, 55, 114, 41.130714, 69
82, 0.7789145789647945, 0.904977375565611, 1.0, 0.79, 0.8264462809917356, 0.125, 91, 175, 10.038724, 18
83, 0.7789145789647945, 0.904977375565611, 1.0, 0.79, 0.8264462809917356, 0.125, 91, 175, 9.820276, 18
84, 0.7789145789647945, 0.904977375565611, 1.0, 0.79, 0.8264462809917356, 0.125, 91, 175, 10.710258, 18
85, 0.669296678998172, 0.9259259259259259, 1.0, 0.84, 0.8620689655172413, 0.09615384615384615, 94, 197, 12.53082, 23
86, 0.8513948459939928, 0.8968609865470852, 1.0, 0.77, 0.8130081300813008, 0.125, 91, 188, 12.476784, 24
87, 2.7043446130895115, 0.9345794392523363, 1.0, 0.86, 0.8771929824561403, 0.29807692307692313, 73, 156, 29.762339, 50
88, 0.7648563844555316, 0.8968609865470852, 1.0, 0.77, 0.8130081300813008, 0.125, 91, 188, 11.363972, 22
89, 0.7692991943494089, 0.904977375565611, 1.0, 0.79, 0.8264462809917356, 0.11538461538461542, 92, 184, 11.184693, 22
90, 0.8513948459939928, 0.8968609865470852, 1.0, 0.77, 0.8130081300813008, 0.125, 91, 188, 12.280609, 24
91, 0.8513948459939928, 0.8968609865470852, 1.0, 0.77, 0.8130081300813008, 0.125, 91, 188, 12.268649, 24
92, 3.9086685294955434, 0.9345794392523363, 1.0, 0.86, 0.8771929824561403, 0.47115384615384615, 55, 130, 44.74059, 81
93, 0.5071251918812896, 0.9090909090909091, 1.0, 0.8, 0.8333333333333334, 0.10576923076923073, 93, 191, 7.837084, 16
94, 0.8513948459939928, 0.8968609865470852, 1.0, 0.77, 0.8130081300813008, 0.125, 91, 188, 12.050075, 24
95, 0.7648563844555316, 0.8968609865470852, 1.0, 0.77, 0.8130081300813008, 0.125, 91, 188, 12.049167, 23
96, 0.8513948459939928, 0.8968609865470852, 1.0, 0.77, 0.8130081300813008, 0.125, 91, 188, 12.187316, 24
97, 4.173187926678493, 0.9259259259259259, 1.0, 0.84, 0.8620689655172413, 0.4903846153846154, 53, 126, 46.354919, 86
98, 0.8513948459939928, 0.8968609865470852, 1.0, 0.77, 0.8130081300813008, 0.125, 91, 188, 12.546964, 24
99, 0.6792415265986015, 0.9216589861751151, 1.0, 0.83, 0.8547008547008547, 0.10576923076923073, 93, 192, 12.738307, 24
100, 0.48660437130586387, 0.9259259259259259, 1.0, 0.84, 0.8620689655172413, 0.08653846153846156, 95, 199, 11.588768, 21
101, 3.418283914110927, 0.9345794392523363, 1.0, 0.86, 0.8771929824561403, 0.41346153846153844, 61, 145, 44.495188, 73
102, 0.8630947795032294, 0.9259259259259259, 1.0, 0.84, 0.8620689655172413, 0.11538461538461542, 92, 184, 13.079269, 24
103, 0.666107110863209, 0.9009009009009009, 1.0, 0.78, 0.819672131147541, 0.10576923076923073, 93, 193, 12.527761, 22
104, 0.8647793978970172, 0.91324200913242, 1.0, 0.81, 0.8403361344537815, 0.125, 91, 179, 12.313619, 23
105, 0.6583393888059199, 0.904977375565611, 1.0, 0.79, 0.8264462809917356, 0.10576923076923073, 93, 193, 11.541718, 22
106, 0.7552409998401459, 0.8968609865470852, 1.0, 0.77, 0.8130081300813008, 0.11538461538461542, 92, 190, 12.29465, 23
107, 3.995206991034005, 0.9345794392523363, 1.0, 0.86, 0.8771929824561403, 0.47115384615384615, 55, 130, 47.457953, 83
108, 0.6757224954785925, 0.9009009009009009, 1.0, 0.78, 0.819672131147541, 0.11538461538461542, 92, 190, 11.122148, 22
109, 0.666107110863209, 0.9009009009009009, 1.0, 0.78, 0.819672131147541, 0.10576923076923073, 93, 193, 11.150168, 22
110, 0.6994328841889823, 0.9090909090909091, 1.0, 0.8, 0.8333333333333334, 0.125, 91, 175, 11.571043, 21
111, 0.8513948459939928, 0.8968609865470852, 1.0, 0.77, 0.8130081300813008, 0.125, 91, 188, 12.22632, 24
112, 3.702115155781671, 0.9216589861751151, 1.0, 0.83, 0.8547008547008547, 0.45192307692307687, 57, 136, 43.78577, 81
113, 0.8513948459939928, 0.8968609865470852, 1.0, 0.77, 0.8130081300813008, 0.125, 91, 188, 12.77583, 24
114, 3.8221300679570818, 0.9345794392523363, 1.0, 0.86, 0.8771929824561403, 0.47115384615384615, 55, 130, 43.151023, 79
115, 0.8513948459939928, 0.8968609865470852, 1.0, 0.77, 0.8130081300813008, 0.125, 91, 188, 13.650986, 24
116, 0.7544932349597657, 0.904977375565611, 1.0, 0.79, 0.8264462809917356, 0.11538461538461542, 92, 191, 12.437204, 24
117, 3.8750287836268216, 0.9302325581395349, 1.0, 0.85, 0.8695652173913043, 0.45192307692307687, 57, 140, 50.414754, 84
118, 0.8616043713058626, 0.9259259259259259, 1.0, 0.84, 0.8620689655172413, 0.11538461538461542, 92, 190, 13.325151, 24
119, 0.8513948459939928, 0.8968609865470852, 1.0, 0.77, 0.8130081300813008, 0.125, 91, 188, 13.591578, 24
120, 3.211730540397056, 0.9216589861751151, 1.0, 0.83, 0.8547008547008547, 0.3942307692307693, 63, 148, 41.452348, 72
121, 0.7648563844555316, 0.8968609865470852, 1.0, 0.77, 0.8130081300813008, 0.125, 91, 188, 12.168717, 23
122, 0.8616043713058626, 0.9259259259259259, 1.0, 0.84, 0.8620689655172413, 0.11538461538461542, 92, 190, 12.575742, 24
123, 3.995206991034007, 0.9345794392523363, 1.0, 0.86, 0.8771929824561403, 0.47115384615384615, 55, 135, 46.563022, 82
124, 0.7763559611120588, 0.9090909090909091, 1.0, 0.8, 0.8333333333333334, 0.11538461538461542, 92, 189, 10.091603, 20
125, 0.7544932349597657, 0.904977375565611, 1.0, 0.79, 0.8264462809917356, 0.11538461538461542, 92, 191, 12.070133, 24
126, 3.692499771166287, 0.9216589861751151, 1.0, 0.83, 0.8547008547008547, 0.4423076923076923, 58, 141, 44.406418, 80
127, 3.5913608371878505, 0.9345794392523363, 1.0, 0.86, 0.8771929824561403, 0.41346153846153844, 61, 143, 40.593349, 76
128, 3.9759762218032364, 0.9345794392523363, 1.0, 0.86, 0.8771929824561403, 0.45192307692307687, 57, 135, 44.919318, 80
129, 3.61063271099465, 0.9302325581395349, 1.0, 0.85, 0.8695652173913043, 0.4326923076923077, 59, 139, 44.010546, 77
130, 3.9759762218032364, 0.9345794392523363, 1.0, 0.86, 0.8771929824561403, 0.45192307692307687, 57, 135, 44.993425, 78
131, 3.687514683341697, 0.9345794392523363, 1.0, 0.86, 0.8771929824561403, 0.42307692307692313, 60, 138, 41.047293, 74
132, 3.8798223756493906, 0.9345794392523363, 1.0, 0.86, 0.8771929824561403, 0.4423076923076923, 58, 137, 42.181082, 77
133, 0.7597263882169547, 0.9259259259259259, 1.0, 0.84, 0.8620689655172413, 0.10576923076923073, 93, 189, 12.042167, 23
134, 4.0817865571484955, 0.9302325581395349, 1.0, 0.85, 0.8695652173913043, 0.47115384615384615, 55, 120, 35.596592, 69
135, 0.7789145789647945, 0.904977375565611, 1.0, 0.79, 0.8264462809917356, 0.125, 91, 175, 9.535059, 18
136, 0.7789145789647945, 0.904977375565611, 1.0, 0.79, 0.8264462809917356, 0.125, 91, 175, 9.44119, 18
137, 0.7622609570170538, 0.9009009009009009, 1.0, 0.78, 0.819672131147541, 0.11538461538461542, 92, 193, 12.921967, 24
138, 3.8798223756493906, 0.9345794392523363, 1.0, 0.86, 0.8771929824561403, 0.4423076923076923, 58, 137, 41.866323, 76
139, 3.9759762218032364, 0.9345794392523363, 1.0, 0.86, 0.8771929824561403, 0.45192307692307687, 57, 136, 43.735259, 80
140, 3.7836685294955426, 0.9345794392523363, 1.0, 0.86, 0.8771929824561403, 0.4326923076923077, 59, 139, 44.730244, 77
141, 4.072130067957083, 0.9345794392523363, 1.0, 0.86, 0.8771929824561403, 0.46153846153846156, 56, 132, 45.77068, 79
142, 3.7836685294955426, 0.9345794392523363, 1.0, 0.86, 0.8771929824561403, 0.4326923076923077, 59, 139, 42.964609, 76
143, 3.9759762218032364, 0.9345794392523363, 1.0, 0.86, 0.8771929824561403, 0.45192307692307687, 57, 135, 42.127767, 78
144, 3.7836685294955426, 0.9345794392523363, 1.0, 0.86, 0.8771929824561403, 0.4326923076923077, 59, 139, 39.734556, 73
145, 0.7834315111328134, 0.91324200913242, 1.0, 0.81, 0.8403361344537815, 0.11538461538461542, 92, 191, 11.671084, 24
146, 0.7597263882169547, 0.9259259259259259, 1.0, 0.84, 0.8620689655172413, 0.10576923076923073, 93, 188, 12.539552, 25
147, 0.9735753823202826, 0.9345794392523363, 1.0, 0.86, 0.8771929824561403, 0.125, 91, 183, 13.987777, 25
148, 0.7789145789647945, 0.904977375565611, 1.0, 0.79, 0.8264462809917356, 0.125, 91, 175, 9.404647, 19
149, 0.8513948459939928, 0.8968609865470852, 1.0, 0.77, 0.8130081300813008, 0.125, 91, 188, 12.101698, 24
150, 0.6827607328109476, 0.904977375565611, 1.0, 0.79, 0.8264462809917356, 0.11538461538461542, 92, 177, 8.502152, 17
151, 0.8616043713058626, 0.9259259259259259, 1.0, 0.84, 0.8620689655172413, 0.11538461538461542, 92, 190, 12.085091, 24
152, 0.5731428328443251, 0.9259259259259259, 1.0, 0.84, 0.8620689655172413, 0.08653846153846156, 95, 199, 12.705654, 22
153, 0.6635725420631079, 0.9259259259259259, 1.0, 0.84, 0.8620689655172413, 0.09615384615384615, 94, 197, 13.328477, 25
154, 1.0793446130895121, 0.9345794392523363, 1.0, 0.86, 0.8771929824561403, 0.14423076923076927, 89, 181, 14.320152, 27
155, 1.0793446130895121, 0.9345794392523363, 1.0, 0.86, 0.8771929824561403, 0.14423076923076927, 89, 181, 14.349234, 27
156, 1.175498459243359, 0.9345794392523363, 1.0, 0.86, 0.8771929824561403, 0.15384615384615385, 88, 179, 15.762783, 26
157, 0.8727101641186151, 0.9259259259259259, 1.0, 0.84, 0.8620689655172413, 0.125, 91, 181, 14.784996, 23
158, 3.8052791472601455, 0.9345794392523363, 1.0, 0.86, 0.8771929824561403, 0.46153846153846156, 56, 128, 46.250974, 82
159, 0.666107110863208, 0.9009009009009009, 1.0, 0.78, 0.819672131147541, 0.11538461538461542, 92, 183, 9.131656, 17
160, 0.7622609570170548, 0.9009009009009009, 1.0, 0.78, 0.819672131147541, 0.125, 91, 181, 9.386184, 18
161, 1.0650178564263069, 0.9259259259259259, 1.0, 0.84, 0.8620689655172413, 0.14423076923076927, 89, 177, 12.662195, 24
162, 0.9688640102724609, 0.9259259259259259, 1.0, 0.84, 0.8620689655172413, 0.13461538461538458, 90, 179, 10.751491, 21
163, 1.0650178564263069, 0.9259259259259259, 1.0, 0.84, 0.8620689655172413, 0.14423076923076927, 89, 171, 11.972922, 21
164, 0.7622609570170548, 0.9009009009009009, 1.0, 0.78, 0.819672131147541, 0.125, 91, 181, 9.261207, 18
165, 0.8647793978970172, 0.91324200913242, 1.0, 0.81, 0.8403361344537815, 0.125, 91, 179, 11.404579, 23
166, 0.6783179229170704, 0.8968609865470852, 1.0, 0.77, 0.8130081300813008, 0.125, 91, 188, 11.234603, 22
167, 4.262002725956213, 0.9302325581395349, 1.0, 0.85, 0.8695652173913043, 0.5, 52, 107, 38.089382, 71
168, 0.6795662973533896, 0.9174311926605504, 1.0, 0.82, 0.847457627118644, 0.10576923076923073, 93, 183, 9.025756, 18
169, 0.8680301877862843, 0.9009009009009009, 1.0, 0.78, 0.819672131147541, 0.13461538461538458, 90, 172, 9.344132, 19
170, 0.8654530405032558, 0.904977375565611, 1.0, 0.79, 0.8264462809917356, 0.125, 91, 182, 11.521648, 23
171, 0.8513948459939928, 0.8968609865470852, 1.0, 0.77, 0.8130081300813008, 0.125, 91, 188, 11.767208, 24
172, 0.7648563844555316, 0.8968609865470852, 1.0, 0.77, 0.8130081300813008, 0.125, 91, 188, 12.355531, 23
173, 3.7067454525724672, 0.9345794392523363, 1.0, 0.86, 0.8771929824561403, 0.4423076923076923, 58, 139, 42.90482, 83
174, 4.187555787917727, 0.9302325581395349, 1.0, 0.85, 0.8695652173913043, 0.4903846153846154, 53, 121, 46.056178, 83
175, 0.7834315111328134, 0.91324200913242, 1.0, 0.81, 0.8403361344537815, 0.11538461538461542, 92, 191, 12.56054, 23
176, 0.8461826297806682, 0.9302325581395349, 1.0, 0.85, 0.8695652173913043, 0.10576923076923073, 93, 194, 13.804204, 23
177, 0.8513948459939928, 0.8968609865470852, 1.0, 0.77, 0.8130081300813008, 0.125, 91, 188, 13.408653, 24
178, 0.5731428328443251, 0.9259259259259259, 1.0, 0.84, 0.8620689655172413, 0.08653846153846156, 95, 199, 12.394095, 22
179, 0.5731428328443251, 0.9259259259259259, 1.0, 0.84, 0.8620689655172413, 0.08653846153846156, 95, 199, 12.239098, 22
180, 3.014829744183401, 0.91324200913242, 1.0, 0.81, 0.8403361344537815, 0.3846153846153846, 64, 143, 52.509623, 87
181, 0.8727101641186151, 0.9259259259259259, 1.0, 0.84, 0.8620689655172413, 0.125, 91, 179, 11.454353, 22
182, 0.8630947795032304, 0.9259259259259259, 1.0, 0.84, 0.8620689655172413, 0.11538461538461542, 92, 181, 12.322184, 21
183, 0.9735753823202826, 0.9345794392523363, 1.0, 0.86, 0.8771929824561403, 0.125, 91, 183, 13.306777, 25
184, 0.9735753823202826, 0.9345794392523363, 1.0, 0.86, 0.8771929824561403, 0.125, 91, 183, 13.547164, 25
185, 0.7789145789647945, 0.904977375565611, 1.0, 0.79, 0.8264462809917356, 0.125, 91, 175, 8.921653, 18
186, 0.8654530405032558, 0.904977375565611, 1.0, 0.79, 0.8264462809917356, 0.125, 91, 182, 11.724173, 23
187, 0.9592486256570754, 0.9259259259259259, 1.0, 0.84, 0.8620689655172413, 0.125, 91, 182, 13.596646, 25
188, 0.7622609570170548, 0.9009009009009009, 1.0, 0.78, 0.819672131147541, 0.125, 91, 181, 8.485153, 17
189, 0.7692991943494089, 0.904977375565611, 1.0, 0.79, 0.8264462809917356, 0.11538461538461542, 92, 184, 9.352591, 19
190, 4.101017326379262, 0.9302325581395349, 1.0, 0.85, 0.8695652173913043, 0.4903846153846154, 53, 114, 40.195535, 78
191, 0.8513948459939928, 0.8968609865470852, 1.0, 0.77, 0.8130081300813008, 0.125, 91, 188, 12.05009, 24
192, 0.7622609570170538, 0.9009009009009009, 1.0, 0.78, 0.819672131147541, 0.11538461538461542, 92, 193, 12.033483, 24
193, 0.7648563844555316, 0.8968609865470852, 1.0, 0.77, 0.8130081300813008, 0.125, 91, 188, 11.178266, 22
194, 0.6789120636135556, 0.9259259259259259, 1.0, 0.84, 0.8620689655172413, 0.10576923076923073, 93, 193, 10.631211, 21
195, 0.7648563844555316, 0.8968609865470852, 1.0, 0.77, 0.8130081300813008, 0.125, 91, 188, 12.640509, 22
196, 3.904038232704745, 0.9216589861751151, 1.0, 0.83, 0.8547008547008547, 0.4807692307692307, 54, 127, 47.414572, 80
197, 0.7648563844555316, 0.8968609865470852, 1.0, 0.77, 0.8130081300813008, 0.125, 91, 188, 13.462097, 22
198, 0.7648563844555316, 0.8968609865470852, 1.0, 0.77, 0.8130081300813008, 0.125, 91, 188, 12.465269, 22
199, 3.7163608371878527, 0.9345794392523363, 1.0, 0.86, 0.8771929824561403, 0.45192307692307687, 57, 133, 46.864424, 78
200, 4.28370963407157, 0.9302325581395349, 1.0, 0.85, 0.8695652173913043, 0.5, 52, 118, 41.896233, 79
201, 0.7750659097674024, 0.9259259259259259, 1.0, 0.84, 0.8620689655172413, 0.11538461538461542, 92, 190, 12.355597, 22
202, 0.7735195178989018, 0.9174311926605504, 1.0, 0.82, 0.847457627118644, 0.10576923076923073, 93, 195, 11.686126, 23
203, 4.389478864840802, 0.9302325581395349, 1.0, 0.85, 0.8695652173913043, 0.5192307692307692, 50, 105, 42.869154, 83
204, 4.293325018686957, 0.9302325581395349, 1.0, 0.85, 0.8695652173913043, 0.5096153846153846, 51, 116, 40.316435, 78
205, 0.6783179229170704, 0.8968609865470852, 1.0, 0.77, 0.8130081300813008, 0.125, 91, 188, 10.446913, 21
206, 4.1947292284741255, 0.9345794392523363, 1.0, 0.86, 0.8771929824561403, 0.4903846153846154, 53, 121, 41.375455, 78
207, 0.7648563844555316, 0.8968609865470852, 1.0, 0.77, 0.8130081300813008, 0.125, 91, 188, 11.210142, 22
208, 0.7744717690709152, 0.8968609865470852, 1.0, 0.77, 0.8130081300813008, 0.13461538461538458, 90, 179, 11.013607, 21
209, 3.9905766942432104, 0.9216589861751151, 1.0, 0.83, 0.8547008547008547, 0.4807692307692307, 54, 130, 44.313502, 82
210, 0.7648563844555316, 0.8968609865470852, 1.0, 0.77, 0.8130081300813008, 0.125, 91, 188, 12.12109, 22
211, 3.8078843865509002, 0.9216589861751151, 1.0, 0.83, 0.8547008547008547, 0.47115384615384615, 55, 130, 48.922333, 80
212, 0.7648563844555316, 0.8968609865470852, 1.0, 0.77, 0.8130081300813008, 0.125, 91, 188, 12.252261, 23
213, 0.8513948459939928, 0.8968609865470852, 1.0, 0.77, 0.8130081300813008, 0.125, 91, 188, 13.560609, 23
214, 0.7908830746279735, 0.9345794392523363, 1.0, 0.86, 0.8771929824561403, 0.11538461538461542, 92, 191, 14.060625, 25
215, 3.7259762218032373, 0.9345794392523363, 1.0, 0.86, 0.8771929824561403, 0.46153846153846156, 56, 131, 43.289381, 76
216, 0.6923761174263323, 0.904977375565611, 1.0, 0.79, 0.8264462809917356, 0.125, 91, 175, 8.093198, 16
217, 0.7648563844555316, 0.8968609865470852, 1.0, 0.77, 0.8130081300813008, 0.125, 91, 188, 11.041665, 22
218, 0.5821640767632235, 0.8968609865470852, 1.0, 0.77, 0.8130081300813008, 0.11538461538461542, 92, 190, 10.132444, 20
219, 4.190017856426305, 0.9259259259259259, 1.0, 0.84, 0.8620689655172413, 0.5, 52, 118, 40.961533, 78
220, 0.7622609570170548, 0.9009009009009009, 1.0, 0.78, 0.819672131147541, 0.125, 91, 181, 8.519436, 17
221, 0.7648563844555316, 0.8968609865470852, 1.0, 0.77, 0.8130081300813008, 0.125, 91, 188, 10.912169, 22
222, 0.6789120636135556, 0.9259259259259259, 1.0, 0.84, 0.8620689655172413, 0.10576923076923073, 93, 193, 10.228172, 21
223, 0.7648563844555316, 0.8968609865470852, 1.0, 0.77, 0.8130081300813008, 0.125, 91, 188, 11.806139, 22
224, 0.5771151557816712, 0.9216589861751151, 1.0, 0.83, 0.8547008547008547, 0.10576923076923073, 93, 187, 12.297611, 24
225, 0.9475486921478397, 0.8968609865470852, 1.0, 0.77, 0.8130081300813008, 0.13461538461538458, 90, 186, 13.153684, 26
226, 3.9808802343708, 0.9259259259259259, 1.0, 0.84, 0.8620689655172413, 0.47115384615384615, 55, 131, 48.367111, 83
227, 0.8513948459939928, 0.8968609865470852, 1.0, 0.77, 0.8130081300813008, 0.125, 91, 188, 13.082858, 24
228, 0.8616043713058626, 0.9259259259259259, 1.0, 0.84, 0.8620689655172413, 0.11538461538461542, 92, 190, 13.015322, 24
229, 3.8990531448801606, 0.9345794392523363, 1.0, 0.86, 0.8771929824561403, 0.46153846153846156, 56, 132, 49.735302, 83
230, 0.9475486921478397, 0.8968609865470852, 1.0, 0.77, 0.8130081300813008, 0.13461538461538458, 90, 187, 14.479552, 27
231, 0.8616043713058636, 0.9259259259259259, 1.0, 0.84, 0.8620689655172413, 0.11538461538461542, 92, 190, 13.684089, 24
232, 0.8513948459939928, 0.8968609865470852, 1.0, 0.77, 0.8130081300813008, 0.125, 91, 188, 12.557841, 24
233, 3.9952069910340042, 0.9345794392523363, 1.0, 0.86, 0.8771929824561403, 0.47115384615384615, 55, 131, 46.450997, 83
234, 0.6827607328109476, 0.904977375565611, 1.0, 0.79, 0.8264462809917356, 0.11538461538461542, 92, 184, 8.56961, 17
235, 4.379863480225419, 0.9302325581395349, 1.0, 0.85, 0.8695652173913043, 0.5096153846153846, 51, 116, 41.02595, 80
236, 0.5827582174597108, 0.9259259259259259, 1.0, 0.84, 0.8620689655172413, 0.09615384615384615, 94, 197, 12.150056, 22
237, 0.7744717690709152, 0.8968609865470852, 1.0, 0.77, 0.8130081300813008, 0.13461538461538458, 90, 185, 12.131163, 24
238, 3.822130067957079, 0.9345794392523363, 1.0, 0.86, 0.8771929824561403, 0.47115384615384615, 55, 128, 46.253529, 82
239, 0.8610102306093774, 0.8968609865470852, 1.0, 0.77, 0.8130081300813008, 0.13461538461538458, 90, 186, 11.756767, 23
240, 0.7648563844555316, 0.8968609865470852, 1.0, 0.77, 0.8130081300813008, 0.125, 91, 188, 11.397614, 22
241, 0.7648563844555316, 0.8968609865470852, 1.0, 0.77, 0.8130081300813008, 0.125, 91, 188, 11.601142, 22
242, 3.3174997711662875, 0.9216589861751151, 1.0, 0.83, 0.8547008547008547, 0.41346153846153844, 61, 146, 47.11677, 80
243, 0.7648563844555316, 0.8968609865470852, 1.0, 0.77, 0.8130081300813008, 0.125, 91, 188, 12.213194, 22
244, 3.9086685294955443, 0.9345794392523363, 1.0, 0.86, 0.8771929824561403, 0.47115384615384615, 55, 130, 48.092437, 80
245, 4.084248625657073, 0.9259259259259259, 1.0, 0.84, 0.8620689655172413, 0.4807692307692307, 54, 125, 43.721816, 78
246, 0.9641840339401312, 0.9009009009009009, 1.0, 0.78, 0.819672131147541, 0.14423076923076927, 89, 177, 10.91709, 21
247, 0.8610102306093774, 0.8968609865470852, 1.0, 0.77, 0.8130081300813008, 0.13461538461538458, 90, 185, 10.738559, 21
248, 3.6202069910340056, 0.9345794392523363, 1.0, 0.86, 0.8771929824561403, 0.4423076923076923, 58, 135, 40.451104, 75
249, 0.8610102306093774, 0.8968609865470852, 1.0, 0.77, 0.8130081300813008, 0.13461538461538458, 90, 185, 10.683636, 21
250, 4.014437760264773, 0.9345794392523363, 1.0, 0.86, 0.8771929824561403, 0.4903846153846154, 53, 122, 40.415317, 78
251, 3.9759762218032346, 0.9345794392523363, 1.0, 0.86, 0.8771929824561403, 0.45192307692307687, 57, 126, 39.995629, 78
252, 3.8798223756493897, 0.9345794392523363, 1.0, 0.86, 0.8771929824561403, 0.4423076923076923, 58, 136, 42.208195, 75
253, 4.06495662740068, 0.9302325581395349, 1.0, 0.85, 0.8695652173913043, 0.46153846153846156, 56, 133, 45.41358, 78
254, 0.8795853572866613, 0.91324200913242, 1.0, 0.81, 0.8403361344537815, 0.125, 91, 188, 12.436161, 22
255, 4.4664019417638805, 0.9302325581395349, 1.0, 0.85, 0.8695652173913043, 0.5096153846153846, 51, 110, 46.276543, 80
256, 0.7622609570170548, 0.9009009009009009, 1.0, 0.78, 0.819672131147541, 0.125, 91, 181, 9.417567, 17
257, 0.8584148031709017, 0.9009009009009009, 1.0, 0.78, 0.819672131147541, 0.125, 91, 190, 12.107322, 23
258, 0.8610102306093774, 0.8968609865470852, 1.0, 0.77, 0.8130081300813008, 0.13461538461538458, 90, 185, 11.245174, 21
259, 0.8795853572866613, 0.91324200913242, 1.0, 0.81, 0.8403361344537815, 0.125, 91, 188, 12.560671, 22
260, 0.8610102306093774, 0.8968609865470852, 1.0, 0.77, 0.8130081300813008, 0.13461538461538458, 90, 185, 10.772209, 21
261, 3.9905766942432086, 0.9216589861751151, 1.0, 0.83, 0.8547008547008547, 0.4807692307692307, 54, 122, 39.727905, 79
262, 0.8610102306093774, 0.8968609865470852, 1.0, 0.77, 0.8130081300813008, 0.13461538461538458, 90, 185, 12.770973, 23
263, 0.6757224954785925, 0.9009009009009009, 1.0, 0.78, 0.819672131147541, 0.125, 91, 181, 9.360306, 19
264, 0.7622609570170548, 0.9009009009009009, 1.0, 0.78, 0.819672131147541, 0.125, 91, 181, 8.598045, 17
265, 0.7692991943494099, 0.904977375565611, 1.0, 0.79, 0.8264462809917356, 0.11538461538461542, 92, 188, 9.171312, 18
266, 0.7552409998401459, 0.8968609865470852, 1.0, 0.77, 0.8130081300813008, 0.125, 91, 188, 11.955336, 24
267, 0.7161238188251214, 0.91324200913242, 1.0, 0.81, 0.8403361344537815, 0.13461538461538458, 90, 180, 12.185156, 22
268, 0.666107110863208, 0.9009009009009009, 1.0, 0.78, 0.819672131147541, 0.11538461538461542, 92, 181, 9.110893, 18
269, 0.8654530405032558, 0.904977375565611, 1.0, 0.79, 0.8264462809917356, 0.125, 91, 182, 11.2089, 22
270, 0.8616043713058636, 0.9259259259259259, 1.0, 0.84, 0.8620689655172413, 0.11538461538461542, 92, 190, 11.51051, 23
271, 0.8513948459939928, 0.8968609865470852, 1.0, 0.77, 0.8130081300813008, 0.125, 91, 188, 12.4767, 24
272, 0.7544932349597657, 0.904977375565611, 1.0, 0.79, 0.8264462809917356, 0.11538461538461542, 92, 191, 13.589394, 24
273, 4.374945397281843, 0.9345794392523363, 1.0, 0.86, 0.8771929824561403, 0.5192307692307692, 50, 103, 43.145077, 79
274, 0.8513948459939928, 0.8968609865470852, 1.0, 0.77, 0.8130081300813008, 0.125, 91, 188, 13.630317, 23
275, 0.8461826297806682, 0.9302325581395349, 1.0, 0.85, 0.8695652173913043, 0.10576923076923073, 93, 194, 12.109524, 22
276, 0.8513948459939928, 0.8968609865470852, 1.0, 0.77, 0.8130081300813008, 0.125, 91, 188, 12.136658, 23
277, 0.7735195178989018, 0.9174311926605504, 1.0, 0.82, 0.847457627118644, 0.10576923076923073, 93, 195, 11.467636, 22
278, 0.8654530405032558, 0.904977375565611, 1.0, 0.79, 0.8264462809917356, 0.125, 91, 182, 11.66073, 22
279, 0.8513948459939928, 0.8968609865470852, 1.0, 0.77, 0.8130081300813008, 0.125, 91, 188, 12.967904, 23
280, 0.5731428328443251, 0.9259259259259259, 1.0, 0.84, 0.8620689655172413, 0.08653846153846156, 95, 199, 11.106147, 21
281, 0.9735753823202826, 0.9345794392523363, 1.0, 0.86, 0.8771929824561403, 0.125, 91, 186, 14.524691, 28
282, 3.4278992987263117, 0.9345794392523363, 1.0, 0.86, 0.8771929824561403, 0.42307692307692313, 60, 142, 45.43018, 80
283, 0.7654505251520178, 0.9259259259259259, 1.0, 0.84, 0.8620689655172413, 0.10576923076923073, 93, 193, 11.02, 22
284, 3.903874937472974, 0.9302325581395349, 1.0, 0.85, 0.8695652173913043, 0.4807692307692307, 54, 126, 45.742849, 82
285, 0.7648563844555316, 0.8968609865470852, 1.0, 0.77, 0.8130081300813008, 0.125, 91, 188, 10.88434, 21
286, 0.7744717690709152, 0.8968609865470852, 1.0, 0.77, 0.8130081300813008, 0.13461538461538458, 90, 185, 12.500619, 24
287, 0.9735753823202826, 0.9345794392523363, 1.0, 0.86, 0.8771929824561403, 0.125, 91, 189, 14.741886, 27
288, 3.812514683341699, 0.9345794392523363, 1.0, 0.86, 0.8771929824561403, 0.46153846153846156, 56, 131, 47.975808, 82
289, 3.9952480956100334, 0.9302325581395349, 1.0, 0.85, 0.8695652173913043, 0.47115384615384615, 55, 119, 42.14958, 72
290, 0.6898174995735966, 0.9090909090909091, 1.0, 0.8, 0.8333333333333334, 0.11538461538461542, 92, 182, 8.667234, 16
291, 0.7692991943494089, 0.904977375565611, 1.0, 0.79, 0.8264462809917356, 0.11538461538461542, 92, 184, 9.658139, 18
292, 0.8513948459939928, 0.8968609865470852, 1.0, 0.77, 0.8130081300813008, 0.125, 91, 188, 12.290593, 23
293, 0.8513948459939928, 0.8968609865470852, 1.0, 0.77, 0.8130081300813008, 0.125, 91, 188, 13.290752, 23
294, 3.884726388216955, 0.9259259259259259, 1.0, 0.84, 0.8620689655172413, 0.46153846153846156, 56, 133, 46.150225, 84
295, 4.1010173263792655, 0.9302325581395349, 1.0, 0.85, 0.8695652173913043, 0.4903846153846154, 53, 109, 39.428129, 72
296, 0.6827607328109476, 0.904977375565611, 1.0, 0.79, 0.8264462809917356, 0.125, 91, 175, 8.216067, 16
297, 0.7757201435072354, 0.9174311926605504, 1.0, 0.82, 0.847457627118644, 0.11538461538461542, 92, 179, 8.540603, 17
298, 0.7789145789647945, 0.904977375565611, 1.0, 0.79, 0.8264462809917356, 0.125, 91, 175, 11.495971, 17
299, 0.8513948459939928, 0.8968609865470852, 1.0, 0.77, 0.8130081300813008, 0.125, 91, 188, 20.341823, 23
300, 0.7735195178989018, 0.9174311926605504, 1.0, 0.82, 0.847457627118644, 0.10576923076923073, 93, 195, 19.347771, 22
301, 0.8654530405032558, 0.904977375565611, 1.0, 0.79, 0.8264462809917356, 0.125, 91, 182, 14.484451, 22
302, 0.8513948459939928, 0.8968609865470852, 1.0, 0.77, 0.8130081300813008, 0.125, 91, 188, 18.887401, 23
303, 0.680202114958212, 0.9090909090909091, 1.0, 0.8, 0.8333333333333334, 0.10576923076923073, 93, 191, 14.186233, 17
304, 0.8513948459939928, 0.8968609865470852, 1.0, 0.77, 0.8130081300813008, 0.125, 91, 188, 19.411568, 24
305, 0.7552409998401459, 0.8968609865470852, 1.0, 0.77, 0.8130081300813008, 0.11538461538461542, 92, 190, 18.019466, 22
306, 3.8751110036015692, 0.9259259259259259, 1.0, 0.84, 0.8620689655172413, 0.45192307692307687, 57, 138, 69.982867, 82
307, 4.096099243435692, 0.9345794392523363, 1.0, 0.86, 0.8771929824561403, 0.5, 52, 117, 80.831461, 83
308, 0.8513948459939928, 0.8968609865470852, 1.0, 0.77, 0.8130081300813008, 0.125, 91, 188, 21.621855, 24
309, 0.8616043713058636, 0.9259259259259259, 1.0, 0.84, 0.8620689655172413, 0.11538461538461542, 92, 190, 18.326438, 24
310, 0.9475486921478397, 0.8968609865470852, 1.0, 0.77, 0.8130081300813008, 0.13461538461538458, 90, 185, 18.941345, 24
311, 0.6635725420631079, 0.9259259259259259, 1.0, 0.84, 0.8620689655172413, 0.09615384615384615, 94, 197, 22.337645, 25
312, 3.995206991034005, 0.9345794392523363, 1.0, 0.86, 0.8771929824561403, 0.47115384615384615, 55, 130, 72.545391, 84
313, 0.7622609570170538, 0.9009009009009009, 1.0, 0.78, 0.819672131147541, 0.11538461538461542, 92, 193, 20.481282, 24
314, 3.6009762218032364, 0.9345794392523363, 1.0, 0.86, 0.8771929824561403, 0.42307692307692313, 60, 141, 56.18065, 76
315, 2.925498459243359, 0.9345794392523363, 1.0, 0.86, 0.8771929824561403, 0.34615384615384615, 68, 149, 38.447973, 60
316, 4.079344613089509, 0.9345794392523363, 1.0, 0.86, 0.8771929824561403, 0.46153846153846156, 56, 122, 48.606111, 77
317, 3.8798223756493906, 0.9345794392523363, 1.0, 0.86, 0.8771929824561403, 0.4423076923076923, 58, 137, 44.442019, 78
318, 4.072130067957081, 0.9345794392523363, 1.0, 0.86, 0.8771929824561403, 0.46153846153846156, 56, 130, 47.600226, 78
319, 0.8558802343708005, 0.9259259259259259, 1.0, 0.84, 0.8620689655172413, 0.11538461538461542, 92, 190, 15.150074, 26
320, 0.8558802343707995, 0.9259259259259259, 1.0, 0.84, 0.8620689655172413, 0.125, 91, 178, 13.381749, 22
321, 0.6635725420631079, 0.9259259259259259, 1.0, 0.84, 0.8620689655172413, 0.09615384615384615, 94, 197, 13.289601, 24
322, 0.8513948459939928, 0.8968609865470852, 1.0, 0.77, 0.8130081300813008, 0.125, 91, 188, 12.457412, 23
323, 4.288653617320134, 0.9216589861751151, 1.0, 0.83, 0.8547008547008547, 0.5192307692307692, 50, 118, 50.560562, 85
324, 4.079344613089511, 0.9345794392523363, 1.0, 0.86, 0.8771929824561403, 0.46153846153846156, 56, 131, 39.218498, 68
325, 0.7789145789647945, 0.904977375565611, 1.0, 0.79, 0.8264462809917356, 0.125, 91, 175, 9.594471, 17
326, 1.0554024718109223, 0.9259259259259259, 1.0, 0.84, 0.8620689655172413, 0.13461538461538458, 90, 174, 11.553611, 21
327, 0.7789145789647945, 0.904977375565611, 1.0, 0.79, 0.8264462809917356, 0.125, 91, 175, 9.238823, 17
328, 0.7789145789647945, 0.904977375565611, 1.0, 0.79, 0.8264462809917356, 0.125, 91, 175, 9.855494, 17
329, 0.8654530405032568, 0.904977375565611, 1.0, 0.79, 0.8264462809917356, 0.125, 91, 182, 12.600471, 20
330, 0.8513948459939928, 0.8968609865470852, 1.0, 0.77, 0.8130081300813008, 0.125, 91, 188, 13.045571, 23
331, 0.8513948459939928, 0.8968609865470852, 1.0, 0.77, 0.8130081300813008, 0.125, 91, 188, 12.422575, 23
332, 0.5731428328443251, 0.9259259259259259, 1.0, 0.84, 0.8620689655172413, 0.08653846153846156, 95, 199, 11.684497, 21
333, 0.669296678998172, 0.9259259259259259, 1.0, 0.84, 0.8620689655172413, 0.09615384615384615, 94, 197, 12.06565, 22
334, 4.0073255487339985, 0.9259259259259259, 1.0, 0.84, 0.8620689655172413, 0.4903846153846154, 53, 137, 58.962188, 99
335, 0.8513948459939928, 0.8968609865470852, 1.0, 0.77, 0.8130081300813008, 0.125, 91, 188, 13.457798, 23
336, 0.8513948459939928, 0.8968609865470852, 1.0, 0.77, 0.8130081300813008, 0.125, 91, 188, 12.512554, 23
337, 0.8616043713058626, 0.9259259259259259, 1.0, 0.84, 0.8620689655172413, 0.11538461538461542, 92, 190, 11.929234, 23
338, 3.4663608371878514, 0.9345794392523363, 1.0, 0.86, 0.8771929824561403, 0.46153846153846156, 56, 129, 45.954819, 75
339, 0.8513948459939928, 0.8968609865470852, 1.0, 0.77, 0.8130081300813008, 0.125, 91, 188, 13.372881, 24
340, 0.6707870871955378, 0.9259259259259259, 1.0, 0.84, 0.8620689655172413, 0.09615384615384615, 94, 191, 11.904556, 21
341, 3.404038232704748, 0.9216589861751151, 1.0, 0.83, 0.8547008547008547, 0.41346153846153844, 61, 141, 49.313834, 76
342, 0.7648563844555316, 0.8968609865470852, 1.0, 0.77, 0.8130081300813008, 0.125, 91, 188, 12.914036, 23
343, 0.7648563844555316, 0.8968609865470852, 1.0, 0.77, 0.8130081300813008, 0.125, 91, 188, 14.45707, 23
344, 0.5936636534197508, 0.9090909090909091, 1.0, 0.8, 0.8333333333333334, 0.10576923076923073, 93, 191, 10.815308, 19
345, 3.985632710994646, 0.9302325581395349, 1.0, 0.85, 0.8695652173913043, 0.46153846153846156, 56, 125, 46.644547, 79
346, 0.8513948459939928, 0.8968609865470852, 1.0, 0.77, 0.8130081300813008, 0.125, 91, 188, 13.041093, 24
347, 0.8513948459939928, 0.8968609865470852, 1.0, 0.77, 0.8130081300813008, 0.125, 91, 188, 12.609188, 24
348, 0.669296678998172, 0.9259259259259259, 1.0, 0.84, 0.8620689655172413, 0.09615384615384615, 94, 196, 11.810318, 22
349, 4.0985753823202815, 0.9345794392523363, 1.0, 0.86, 0.8771929824561403, 0.4807692307692307, 54, 126, 54.365529, 88
350, 3.9759762218032364, 0.9345794392523363, 1.0, 0.86, 0.8771929824561403, 0.45192307692307687, 57, 135, 47.43181, 78
351, 3.8798223756493906, 0.9345794392523363, 1.0, 0.86, 0.8771929824561403, 0.4423076923076923, 58, 137, 47.390187, 77
352, 3.8798223756493906, 0.9345794392523363, 1.0, 0.86, 0.8771929824561403, 0.4423076923076923, 58, 137, 44.705364, 77
353, 3.8029404033023413, 0.9302325581395349, 1.0, 0.85, 0.8695652173913043, 0.45192307692307687, 57, 135, 44.792054, 78
354, 3.9759762218032364, 0.9345794392523363, 1.0, 0.86, 0.8771929824561403, 0.45192307692307687, 57, 136, 44.534704, 78
355, 4.0914019417638805, 0.9302325581395349, 1.0, 0.85, 0.8695652173913043, 0.4807692307692307, 54, 122, 44.713863, 78
356, 0.8616043713058636, 0.9259259259259259, 1.0, 0.84, 0.8620689655172413, 0.11538461538461542, 92, 190, 11.933245, 23
357, 0.6783179229170704, 0.8968609865470852, 1.0, 0.77, 0.8130081300813008, 0.125, 91, 188, 11.64, 22
358, 0.5731428328443251, 0.9259259259259259, 1.0, 0.84, 0.8620689655172413, 0.08653846153846156, 95, 199, 11.725044, 21
359, 2.9037915511279984, 0.9345794392523363, 1.0, 0.86, 0.8771929824561403, 0.34615384615384615, 68, 155, 47.690761, 79
360, 3.7836685294955417, 0.9345794392523363, 1.0, 0.86, 0.8771929824561403, 0.4326923076923077, 59, 139, 49.370456, 77
361, 4.072130067957081, 0.9345794392523363, 1.0, 0.86, 0.8771929824561403, 0.46153846153846156, 56, 132, 49.712904, 79
362, 4.072130067957081, 0.9345794392523363, 1.0, 0.86, 0.8771929824561403, 0.46153846153846156, 56, 132, 46.869747, 77
363, 3.9759762218032355, 0.9345794392523363, 1.0, 0.86, 0.8771929824561403, 0.45192307692307687, 57, 127, 44.394227, 72
364, 3.975976221803235, 0.9345794392523363, 1.0, 0.86, 0.8771929824561403, 0.45192307692307687, 57, 134, 48.608397, 76
365, 0.8558802343707995, 0.9259259259259259, 1.0, 0.84, 0.8620689655172413, 0.11538461538461542, 92, 190, 14.287258, 24
366, 3.9759762218032346, 0.9345794392523363, 1.0, 0.86, 0.8771929824561403, 0.45192307692307687, 57, 127, 46.721247, 75
367, 3.9759762218032355, 0.9345794392523363, 1.0, 0.86, 0.8771929824561403, 0.45192307692307687, 57, 134, 49.884155, 77
368, 3.9759762218032355, 0.9345794392523363, 1.0, 0.86, 0.8771929824561403, 0.45192307692307687, 57, 134, 49.666706, 77
369, 4.072130067957081, 0.9345794392523363, 1.0, 0.86, 0.8771929824561403, 0.46153846153846156, 56, 132, 46.712379, 77
370, 3.9759762218032355, 0.9345794392523363, 1.0, 0.86, 0.8771929824561403, 0.45192307692307687, 57, 133, 43.469898, 74
371, 0.8616043713058626, 0.9259259259259259, 1.0, 0.84, 0.8620689655172413, 0.11538461538461542, 92, 191, 14.803833, 22
372, 3.8894788648408043, 0.9302325581395349, 1.0, 0.85, 0.8695652173913043, 0.45192307692307687, 57, 126, 35.234803, 66
373, 4.733156572110058, 0.9302325581395349, 1.0, 0.85, 0.8695652173913043, 0.5384615384615384, 48, 102, 45.217918, 78
374, 3.879822375649388, 0.9345794392523363, 1.0, 0.86, 0.8771929824561403, 0.4423076923076923, 58, 129, 36.681581, 64
375, 4.079344613089512, 0.9345794392523363, 1.0, 0.86, 0.8771929824561403, 0.46153846153846156, 56, 125, 39.511589, 67
376, 0.9263514977599484, 0.9009009009009009, 1.0, 0.78, 0.819672131147541, 0.13461538461538458, 90, 172, 10.662288, 18
377, 1.0554024718109232, 0.9259259259259259, 1.0, 0.84, 0.8620689655172413, 0.13461538461538458, 90, 175, 14.292354, 22
378, 4.168283914110926, 0.9345794392523363, 1.0, 0.86, 0.8771929824561403, 0.47115384615384615, 55, 122, 41.582242, 66
379, 4.187514683341696, 0.9345794392523363, 1.0, 0.86, 0.8771929824561403, 0.4903846153846154, 53, 111, 43.757442, 66
380, 4.091360837187851, 0.9345794392523363, 1.0, 0.86, 0.8771929824561403, 0.4807692307692307, 54, 113, 41.572325, 63
381, 3.9759762218032346, 0.9345794392523363, 1.0, 0.86, 0.8771929824561403, 0.45192307692307687, 57, 126, 39.304318, 68
382, 4.06495662740068, 0.9302325581395349, 1.0, 0.85, 0.8695652173913043, 0.46153846153846156, 56, 125, 39.118757, 66
383, 0.8776455724016688, 0.9009009009009009, 1.0, 0.78, 0.819672131147541, 0.14423076923076927, 89, 170, 10.314204, 19
384, 3.879822375649389, 0.9345794392523363, 1.0, 0.86, 0.8771929824561403, 0.4423076923076923, 58, 128, 39.771985, 69
385, 3.8798634802254184, 0.9302325581395349, 1.0, 0.85, 0.8695652173913043, 0.4423076923076923, 58, 131, 38.679026, 69
386, 4.072130067957081, 0.9345794392523363, 1.0, 0.86, 0.8771929824561403, 0.46153846153846156, 56, 124, 39.268783, 68
387, 3.9759762218032346, 0.9345794392523363, 1.0, 0.86, 0.8771929824561403, 0.45192307692307687, 57, 126, 38.188142, 65
388, 3.879822375649389, 0.9345794392523363, 1.0, 0.86, 0.8771929824561403, 0.4423076923076923, 58, 127, 38.518034, 63
389, 3.9759762218032346, 0.9345794392523363, 1.0, 0.86, 0.8771929824561403, 0.45192307692307687, 57, 126, 40.110117, 65
390, 3.5913608371878505, 0.9345794392523363, 1.0, 0.86, 0.8771929824561403, 0.41346153846153844, 61, 118, 40.943557, 69
391, 3.2067454525724655, 0.9345794392523363, 1.0, 0.86, 0.8771929824561403, 0.375, 65, 133, 41.767505, 63
392, 0.9263514977599484, 0.9009009009009009, 1.0, 0.78, 0.819672131147541, 0.13461538461538458, 90, 172, 10.689955, 18
393, 4.072130067957081, 0.9345794392523363, 1.0, 0.86, 0.8771929824561403, 0.46153846153846156, 56, 124, 36.71034, 65
394, 3.9759762218032346, 0.9345794392523363, 1.0, 0.86, 0.8771929824561403, 0.45192307692307687, 57, 126, 36.909967, 65
395, 4.079344613089512, 0.9345794392523363, 1.0, 0.86, 0.8771929824561403, 0.46153846153846156, 56, 124, 39.146777, 66
396, 3.9759762218032355, 0.9345794392523363, 1.0, 0.86, 0.8771929824561403, 0.45192307692307687, 57, 127, 38.048707, 64
397, 3.9831907669356648, 0.9345794392523363, 1.0, 0.86, 0.8771929824561403, 0.45192307692307687, 57, 127, 48.193864, 65
398, 4.283709634071572, 0.9302325581395349, 1.0, 0.85, 0.8695652173913043, 0.5, 52, 109, 52.646014, 72
399, 2.2188640102724597, 0.9259259259259259, 1.0, 0.84, 0.8620689655172413, 0.2596153846153846, 77, 164, 31.261603, 44
400, 3.8125146833416963, 0.9345794392523363, 1.0, 0.86, 0.8771929824561403, 0.46153846153846156, 56, 117, 41.441896, 61
401, 4.156233495186983, 0.9302325581395349, 1.0, 0.85, 0.8695652173913043, 0.4807692307692307, 54, 117, 47.808743, 61
402, 4.350976221803235, 0.9345794392523363, 1.0, 0.86, 0.8771929824561403, 0.4807692307692307, 54, 114, 43.786593, 71
403, 1.151556317964769, 0.9259259259259259, 1.0, 0.84, 0.8620689655172413, 0.14423076923076927, 89, 171, 13.147366, 23
404, 4.36059160641862, 0.9345794392523363, 1.0, 0.86, 0.8771929824561403, 0.4903846153846154, 53, 111, 40.557925, 68
405, 3.9759762218032337, 0.9345794392523363, 1.0, 0.86, 0.8771929824561403, 0.45192307692307687, 57, 126, 37.80995, 64
406, 0.6853378800939772, 0.9009009009009009, 1.0, 0.78, 0.819672131147541, 0.13461538461538458, 90, 172, 9.543163, 16
407, 0.6853378800939772, 0.9009009009009009, 1.0, 0.78, 0.819672131147541, 0.13461538461538458, 90, 172, 8.650747, 16
408, 3.889437760264774, 0.9345794392523363, 1.0, 0.86, 0.8771929824561403, 0.45192307692307687, 57, 118, 36.299662, 62
409, 0.6058376558878721, 0.904977375565611, 1.0, 0.79, 0.8264462809917356, 0.125, 91, 175, 9.364316, 16
410, 0.6827607328109476, 0.904977375565611, 1.0, 0.79, 0.8264462809917356, 0.125, 91, 175, 10.704042, 16
411, 0.7789145789647945, 0.904977375565611, 1.0, 0.79, 0.8264462809917356, 0.125, 91, 175, 9.891183, 17
412, 0.9592486256570764, 0.9259259259259259, 1.0, 0.84, 0.8620689655172413, 0.125, 91, 176, 11.783816, 20
413, 0.7789145789647945, 0.904977375565611, 1.0, 0.79, 0.8264462809917356, 0.125, 91, 175, 10.234079, 17
414, 0.7648563844555316, 0.8968609865470852, 1.0, 0.77, 0.8130081300813008, 0.125, 91, 188, 12.690074, 21
415, 3.1202069910340056, 0.9345794392523363, 1.0, 0.86, 0.8771929824561403, 0.375, 65, 138, 35.801203, 57
416, 0.7648563844555316, 0.8968609865470852, 1.0, 0.77, 0.8130081300813008, 0.125, 91, 188, 12.994995, 21
417, 0.7789145789647945, 0.904977375565611, 1.0, 0.79, 0.8264462809917356, 0.125, 91, 182, 12.17579, 20
418, 0.5827582174597108, 0.9259259259259259, 1.0, 0.84, 0.8620689655172413, 0.09615384615384615, 94, 197, 14.958205, 21
419, 3.014437760264774, 0.9345794392523363, 1.0, 0.86, 0.8771929824561403, 0.3557692307692307, 67, 144, 36.694544, 57
420, 0.7789145789647945, 0.904977375565611, 1.0, 0.79, 0.8264462809917356, 0.125, 91, 182, 13.005849, 20
421, 0.8610102306093774, 0.8968609865470852, 1.0, 0.77, 0.8130081300813008, 0.13461538461538458, 90, 186, 13.307787, 22
422, 0.7648563844555316, 0.8968609865470852, 1.0, 0.77, 0.8130081300813008, 0.125, 91, 188, 13.557416, 21
423, 2.5938640102724597, 0.9259259259259259, 1.0, 0.84, 0.8620689655172413, 0.28846153846153844, 74, 160, 32.959137, 49
424, 0.8610102306093774, 0.8968609865470852, 1.0, 0.77, 0.8130081300813008, 0.13461538461538458, 90, 185, 13.170908, 22
425, 0.8930094454449039, 0.9345794392523363, 1.0, 0.86, 0.8771929824561403, 0.125, 91, 180, 12.498182, 21
426, 0.7744717690709152, 0.8968609865470852, 1.0, 0.77, 0.8130081300813008, 0.13461538461538458, 90, 185, 12.973457, 23
427, 0.8610102306093774, 0.8968609865470852, 1.0, 0.77, 0.8130081300813008, 0.13461538461538458, 90, 185, 12.477981, 22
428, 0.8610102306093774, 0.8968609865470852, 1.0, 0.77, 0.8130081300813008, 0.13461538461538458, 90, 185, 13.504206, 22
429, 0.7692991943494099, 0.904977375565611, 1.0, 0.79, 0.8264462809917356, 0.11538461538461542, 92, 188, 10.056826, 17
430, 0.7789145789647945, 0.904977375565611, 1.0, 0.79, 0.8264462809917356, 0.125, 91, 182, 11.228934, 20
431, 0.5827582174597108, 0.9259259259259259, 1.0, 0.84, 0.8620689655172413, 0.09615384615384615, 94, 197, 12.247691, 21
432, 0.7718763416324395, 0.9009009009009009, 1.0, 0.78, 0.819672131147541, 0.125, 91, 188, 13.953991, 22
433, 0.7648563844555316, 0.8968609865470852, 1.0, 0.77, 0.8130081300813008, 0.125, 91, 188, 12.544083, 21
434, 3.7982690019355165, 0.9216589861751151, 1.0, 0.83, 0.8547008547008547, 0.46153846153846156, 56, 129, 53.142743, 80
435, 2.831745452572467, 0.9345794392523363, 1.0, 0.86, 0.8771929824561403, 0.34615384615384615, 68, 148, 35.761104, 57
436, 4.288490322088358, 0.9302325581395349, 1.0, 0.85, 0.8695652173913043, 0.5192307692307692, 50, 112, 51.025579, 82
437, 4.2812334951869815, 0.9302325581395349, 1.0, 0.85, 0.8695652173913043, 0.5192307692307692, 50, 114, 48.311953, 82
438, 0.8513948459939928, 0.8968609865470852, 1.0, 0.77, 0.8130081300813008, 0.125, 91, 188, 12.322644, 23
439, 0.8513948459939928, 0.8968609865470852, 1.0, 0.77, 0.8130081300813008, 0.125, 91, 188, 12.528067, 23
440, 0.9577582174597106, 0.9259259259259259, 1.0, 0.84, 0.8620689655172413, 0.125, 91, 187, 14.61639, 23
441, 3.5193417728323366, 0.9259259259259259, 1.0, 0.84, 0.8620689655172413, 0.4423076923076923, 58, 139, 40.930894, 68
442, 0.7648563844555316, 0.8968609865470852, 1.0, 0.77, 0.8130081300813008, 0.125, 91, 188, 13.17218, 21
443, 0.7648563844555316, 0.8968609865470852, 1.0, 0.77, 0.8130081300813008, 0.125, 91, 188, 11.460537, 21
444, 2.7861717025801522, 0.9259259259259259, 1.0, 0.84, 0.8620689655172413, 0.3076923076923077, 72, 152, 27.176327, 47
445, 0.8610102306093774, 0.8968609865470852, 1.0, 0.77, 0.8130081300813008, 0.13461538461538458, 90, 185, 11.363137, 21
446, 0.9571640767632233, 0.8968609865470852, 1.0, 0.77, 0.8130081300813008, 0.14423076923076927, 89, 184, 13.988575, 23
447, 3.906267690012588, 0.9345794392523363, 1.0, 0.86, 0.8771929824561403, 0.46153846153846156, 56, 127, 36.894153, 68
448, 0.8610102306093774, 0.8968609865470852, 1.0, 0.77, 0.8130081300813008, 0.13461538461538458, 90, 185, 11.086099, 21
449, 0.8610102306093774, 0.8968609865470852, 1.0, 0.77, 0.8130081300813008, 0.13461538461538458, 90, 185, 12.355523, 21
450, 0.9673736020750943, 0.9259259259259259, 1.0, 0.84, 0.8620689655172413, 0.13461538461538458, 90, 185, 12.409685, 24
451, 2.7043446130895106, 0.9345794392523363, 1.0, 0.86, 0.8771929824561403, 0.29807692307692313, 73, 166, 23.945987, 44
452, 0.7622609570170548, 0.9009009009009009, 1.0, 0.78, 0.819672131147541, 0.125, 91, 181, 8.708234, 17
453, 0.7007017531372112, 0.9345794392523363, 1.0, 0.86, 0.8771929824561403, 0.11538461538461542, 92, 176, 9.055252, 16
454, 0.9688640102724609, 0.9259259259259259, 1.0, 0.84, 0.8620689655172413, 0.13461538461538458, 90, 179, 11.862162, 21
455, 0.673145348195563, 0.904977375565611, 1.0, 0.79, 0.8264462809917356, 0.11538461538461542, 92, 184, 9.918494, 17
456, 0.7789145789647945, 0.904977375565611, 1.0, 0.79, 0.8264462809917356, 0.125, 91, 182, 11.340345, 20
457, 0.7750659097674014, 0.9259259259259259, 1.0, 0.84, 0.8620689655172413, 0.11538461538461542, 92, 190, 11.584954, 21
458, 3.9375146833416963, 0.9345794392523363, 1.0, 0.86, 0.8771929824561403, 0.5, 52, 121, 50.187227, 86
459, 0.8513948459939928, 0.8968609865470852, 1.0, 0.77, 0.8130081300813008, 0.125, 91, 188, 11.89765, 22
460, 0.8616043713058636, 0.9259259259259259, 1.0, 0.84, 0.8620689655172413, 0.11538461538461542, 92, 190, 13.067318, 22
461, 0.7648563844555316, 0.8968609865470852, 1.0, 0.77, 0.8130081300813008, 0.125, 91, 188, 11.892782, 22
462, 3.993078182101311, 0.9174311926605504, 1.0, 0.82, 0.847457627118644, 0.4903846153846154, 53, 125, 51.905212, 81
463, 0.6898174995735966, 0.9090909090909091, 1.0, 0.8, 0.8333333333333334, 0.11538461538461542, 92, 182, 9.273263, 16
464, 0.8654530405032558, 0.904977375565611, 1.0, 0.79, 0.8264462809917356, 0.125, 91, 182, 12.305094, 22
465, 0.8513948459939928, 0.8968609865470852, 1.0, 0.77, 0.8130081300813008, 0.125, 91, 188, 13.000047, 23
466, 0.680202114958212, 0.9090909090909091, 1.0, 0.8, 0.8333333333333334, 0.10576923076923073, 93, 191, 9.985228, 17
467, 0.8616043713058636, 0.9259259259259259, 1.0, 0.84, 0.8620689655172413, 0.11538461538461542, 92, 190, 12.094118, 22
468, 0.8513948459939928, 0.8968609865470852, 1.0, 0.77, 0.8130081300813008, 0.125, 91, 188, 12.296527, 23
469, 0.8654530405032558, 0.904977375565611, 1.0, 0.79, 0.8264462809917356, 0.125, 91, 182, 11.726566, 22
470, 0.8513948459939928, 0.8968609865470852, 1.0, 0.77, 0.8130081300813008, 0.125, 91, 188, 12.747618, 23
471, 0.7648563844555316, 0.8968609865470852, 1.0, 0.77, 0.8130081300813008, 0.125, 91, 188, 12.813357, 22
472, 2.4158830746279722, 0.9345794392523363, 1.0, 0.86, 0.8771929824561403, 0.2692307692307693, 76, 172, 25.577134, 47
473, 0.669296678998172, 0.9259259259259259, 1.0, 0.84, 0.8620689655172413, 0.09615384615384615, 94, 197, 11.960911, 22
474, 2.5193417728323393, 0.9259259259259259, 1.0, 0.84, 0.8620689655172413, 0.3076923076923077, 72, 158, 33.825956, 60
475, 2.5336685294955417, 0.9345794392523363, 1.0, 0.86, 0.8771929824561403, 0.3076923076923077, 72, 157, 31.562936, 57
476, 3.9759762218032364, 0.9345794392523363, 1.0, 0.86, 0.8771929824561403, 0.45192307692307687, 57, 134, 44.335782, 74
477, 2.725976221803236, 0.9345794392523363, 1.0, 0.86, 0.8771929824561403, 0.32692307692307687, 70, 152, 34.174203, 57
478, 0.669296678998172, 0.9259259259259259, 1.0, 0.84, 0.8620689655172413, 0.09615384615384615, 94, 197, 11.78451, 21
479, 2.60815657211006, 0.9302325581395349, 1.0, 0.85, 0.8695652173913043, 0.3173076923076923, 71, 155, 32.927426, 56
480, 2.091360837187853, 0.9345794392523363, 1.0, 0.86, 0.8771929824561403, 0.29807692307692313, 73, 158, 32.697688, 55
481, 2.3678061515510525, 0.9345794392523363, 1.0, 0.86, 0.8771929824561403, 0.3076923076923077, 72, 158, 33.345261, 56
482, 0.8610102306093774, 0.8968609865470852, 1.0, 0.77, 0.8130081300813008, 0.13461538461538458, 90, 186, 11.541459, 22
483, 0.7750659097674014, 0.9259259259259259, 1.0, 0.84, 0.8620689655172413, 0.11538461538461542, 92, 190, 10.676538, 21
484, 2.913490322088361, 0.9302325581395349, 1.0, 0.85, 0.8695652173913043, 0.3557692307692307, 67, 145, 29.502697, 58
485, 0.7648563844555316, 0.8968609865470852, 1.0, 0.77, 0.8130081300813008, 0.125, 91, 188, 12.324119, 21
486, 0.6687025383016847, 0.8968609865470852, 1.0, 0.77, 0.8130081300813008, 0.11538461538461542, 92, 190, 10.349464, 20
487, 2.6444228480893637, 0.9216589861751151, 1.0, 0.83, 0.8547008547008547, 0.34615384615384615, 68, 150, 32.432272, 56
488, 0.8513948459939928, 0.8968609865470852, 1.0, 0.77, 0.8130081300813008, 0.125, 91, 188, 13.428641, 22
489, 0.5917794613786092, 0.8968609865470852, 1.0, 0.77, 0.8130081300813008, 0.125, 91, 188, 11.051102, 20
490, 0.7648563844555316, 0.8968609865470852, 1.0, 0.77, 0.8130081300813008, 0.125, 91, 188, 12.388667, 22
491, 0.6783179229170704, 0.8968609865470852, 1.0, 0.77, 0.8130081300813008, 0.125, 91, 188, 11.910001, 21
492, 0.7648563844555316, 0.8968609865470852, 1.0, 0.77, 0.8130081300813008, 0.125, 91, 188, 11.979464, 21
493, 0.7648563844555316, 0.8968609865470852, 1.0, 0.77, 0.8130081300813008, 0.125, 91, 188, 13.069597, 21
494, 3.620206991034004, 0.9345794392523363, 1.0, 0.86, 0.8771929824561403, 0.4423076923076923, 58, 139, 42.802879, 73
495, 0.8610102306093774, 0.8968609865470852, 1.0, 0.77, 0.8130081300813008, 0.13461538461538458, 90, 185, 13.395327, 22
496, 2.625028783626822, 0.9302325581395349, 1.0, 0.85, 0.8695652173913043, 0.32692307692307687, 70, 154, 32.737393, 56
497, 0.7648563844555316, 0.8968609865470852, 1.0, 0.77, 0.8130081300813008, 0.125, 91, 188, 11.143132, 21
498, 0.5840482688043662, 0.9090909090909091, 1.0, 0.8, 0.8333333333333334, 0.10576923076923073, 93, 186, 8.769685, 16
499, 0.7648563844555316, 0.8968609865470852, 1.0, 0.77, 0.8130081300813008, 0.125, 91, 188, 11.592957, 21
500, 0.7648563844555316, 0.8968609865470852, 1.0, 0.77, 0.8130081300813008, 0.125, 91, 188, 10.883302, 21
501, 2.6275929183415494, 0.9216589861751151, 1.0, 0.83, 0.8547008547008547, 0.33653846153846156, 69, 151, 32.576522, 60
502, 3.1202069910340047, 0.9345794392523363, 1.0, 0.86, 0.8771929824561403, 0.375, 65, 138, 30.32957, 57
503, 0.7648563844555316, 0.8968609865470852, 1.0, 0.77, 0.8130081300813008, 0.125, 91, 188, 10.823881, 21
504, 0.7648563844555316, 0.8968609865470852, 1.0, 0.77, 0.8130081300813008, 0.125, 91, 188, 11.229537, 21
505, 0.6783179229170704, 0.8968609865470852, 1.0, 0.77, 0.8130081300813008, 0.125, 91, 188, 13.700956, 24
506, 0.6687025383016847, 0.8968609865470852, 1.0, 0.77, 0.8130081300813008, 0.11538461538461542, 92, 190, 10.741636, 20
507, 0.7648563844555316, 0.8968609865470852, 1.0, 0.77, 0.8130081300813008, 0.125, 91, 188, 11.377229, 21
508, 2.346182629780667, 0.9302325581395349, 1.0, 0.85, 0.8695652173913043, 0.3076923076923077, 72, 153, 32.501343, 54
509, 2.545725858169913, 0.9302325581395349, 1.0, 0.85, 0.8695652173913043, 0.33653846153846156, 69, 148, 37.393252, 61
510, 0.7760403107502213, 0.91324200913242, 1.0, 0.81, 0.8403361344537815, 0.11538461538461542, 92, 191, 12.198469, 22
511, 0.7648563844555316, 0.8968609865470852, 1.0, 0.77, 0.8130081300813008, 0.125, 91, 188, 12.648887, 21
512, 0.7648563844555316, 0.8968609865470852, 1.0, 0.77, 0.8130081300813008, 0.125, 91, 188, 12.289006, 21
513, 0.7648563844555316, 0.8968609865470852, 1.0, 0.77, 0.8130081300813008, 0.125, 91, 188, 11.793284, 21
514, 0.5731428328443251, 0.9259259259259259, 1.0, 0.84, 0.8620689655172413, 0.08653846153846156, 95, 199, 12.622888, 23
515, 2.5601138438587405, 0.9345794392523363, 1.0, 0.86, 0.8771929824561403, 0.32692307692307687, 70, 151, 34.371934, 58
516, 0.7648563844555316, 0.8968609865470852, 1.0, 0.77, 0.8130081300813008, 0.125, 91, 188, 11.380533, 21
517, 0.7648563844555316, 0.8968609865470852, 1.0, 0.77, 0.8130081300813008, 0.125, 91, 188, 11.343031, 21
518, 0.7789145789647945, 0.904977375565611, 1.0, 0.79, 0.8264462809917356, 0.125, 91, 182, 10.336924, 20
519, 0.8616043713058636, 0.9259259259259259, 1.0, 0.84, 0.8620689655172413, 0.11538461538461542, 92, 190, 11.887413, 21
520, 0.7744717690709152, 0.8968609865470852, 1.0, 0.77, 0.8130081300813008, 0.13461538461538458, 90, 179, 10.600291, 20
521, 0.7648563844555316, 0.8968609865470852, 1.0, 0.77, 0.8130081300813008, 0.125, 91, 188, 10.905855, 21
522, 0.7648563844555316, 0.8968609865470852, 1.0, 0.77, 0.8130081300813008, 0.125, 91, 188, 11.138126, 21
523, 0.7648563844555316, 0.8968609865470852, 1.0, 0.77, 0.8130081300813008, 0.125, 91, 188, 11.17148, 21
524, 0.8616043713058626, 0.9259259259259259, 1.0, 0.84, 0.8620689655172413, 0.11538461538461542, 92, 190, 12.878677, 22
525, 2.329205435489254, 0.9345794392523363, 1.0, 0.86, 0.8771929824561403, 0.29807692307692313, 73, 160, 32.861828, 55
526, 1.870248095610036, 0.9302325581395349, 1.0, 0.85, 0.8695652173913043, 0.25, 78, 167, 34.227559, 55
527, 0.7648563844555316, 0.8968609865470852, 1.0, 0.77, 0.8130081300813008, 0.125, 91, 188, 12.3971, 21
528, 0.7648563844555316, 0.8968609865470852, 1.0, 0.77, 0.8130081300813008, 0.125, 91, 188, 12.639465, 21
529, 0.8625787722886825, 0.91324200913242, 1.0, 0.81, 0.8403361344537815, 0.11538461538461542, 92, 191, 12.067086, 21
530, 0.7648563844555316, 0.8968609865470852, 1.0, 0.77, 0.8130081300813008, 0.125, 91, 188, 12.970715, 21
531, 0.6687025383016847, 0.8968609865470852, 1.0, 0.77, 0.8130081300813008, 0.11538461538461542, 92, 190, 11.358457, 20
532, 0.7648563844555316, 0.8968609865470852, 1.0, 0.77, 0.8130081300813008, 0.125, 91, 188, 11.573032, 21
533, 2.3195900508738694, 0.9345794392523363, 1.0, 0.86, 0.8771929824561403, 0.28846153846153844, 74, 161, 33.578188, 55
534, 3.2355916064186205, 0.9345794392523363, 1.0, 0.86, 0.8771929824561403, 0.40384615384615385, 62, 140, 40.492448, 73
535, 3.2139599977048965, 0.9345794392523363, 1.0, 0.86, 0.8771929824561403, 0.375, 65, 134, 32.002887, 57
536, 0.6923761174263323, 0.904977375565611, 1.0, 0.79, 0.8264462809917356, 0.125, 91, 175, 7.886852, 15
537, 0.8721941569040682, 0.91324200913242, 1.0, 0.81, 0.8403361344537815, 0.125, 91, 182, 10.554953, 20
538, 0.6923761174263323, 0.904977375565611, 1.0, 0.79, 0.8264462809917356, 0.125, 91, 175, 7.860643, 15
539, 0.7789145789647945, 0.904977375565611, 1.0, 0.79, 0.8264462809917356, 0.125, 91, 182, 10.638807, 20
540, 0.6757224954785925, 0.9009009009009009, 1.0, 0.78, 0.819672131147541, 0.11538461538461542, 92, 190, 12.179554, 21
541, 0.6687025383016847, 0.8968609865470852, 1.0, 0.77, 0.8130081300813008, 0.11538461538461542, 92, 190, 10.887745, 20
542, 0.7648563844555316, 0.8968609865470852, 1.0, 0.77, 0.8130081300813008, 0.125, 91, 188, 11.323071, 21
543, 0.7648563844555316, 0.8968609865470852, 1.0, 0.77, 0.8130081300813008, 0.125, 91, 188, 11.622421, 21
544, 0.7648563844555316, 0.8968609865470852, 1.0, 0.77, 0.8130081300813008, 0.125, 91, 188, 11.437515, 21
545, 0.48660437130586387, 0.9259259259259259, 1.0, 0.84, 0.8620689655172413, 0.08653846153846156, 95, 199, 12.863472, 20
546, 2.3224020985073435, 0.9174311926605504, 1.0, 0.82, 0.847457627118644, 0.29807692307692313, 73, 161, 33.781998, 57
547, 3.6081907669356648, 0.9345794392523363, 1.0, 0.86, 0.8771929824561403, 0.42307692307692313, 60, 136, 44.753103, 76
548, 0.7648563844555316, 0.8968609865470852, 1.0, 0.77, 0.8130081300813008, 0.125, 91, 188, 11.684441, 21
549, 0.7648563844555316, 0.8968609865470852, 1.0, 0.77, 0.8130081300813008, 0.125, 91, 188, 11.579948, 21
550, 0.6687025383016847, 0.8968609865470852, 1.0, 0.77, 0.8130081300813008, 0.11538461538461542, 92, 190, 12.334774, 20
551, 5.961538461538462, 0.9389671361502347, 1.0, 0.87, 0.8849557522123894, 0.6826923076923077, 33, 94, 72.312533, 113
